{"position": [[-0.08026133819799322, 0.3300885134446691, -0.9723466347281157]], "rotation": [[-0.01357412624553915, -0.9972599592766322, 0.07272081352845272], [0.9963319583700363, -0.019634996949289513, -0.0832892287473569], [0.08448888582055226, 0.07132349205115572, 0.9938684961575301]]}